# Prevenir que puguin mirar el htaccess
<Files .htaccess>
order allow,deny
deny from all
</Files>

AddType text/css .css 

# IP's banejades
<Limit GET>
order allow,deny
#INICIO ips baneadas
deny from 213.5.64.19
#FIN ips baneadas
allow from all
</Limit> 

#INICIO Cors activado
Header set Access-Control-Allow-Origin "*"
#FIN Cors

#INICIO CacheImagenes desactivado
#FIN CacheImagenes

# Des-habilitar pagines similars ej : index2.php -> index.php
#INICIO CheckSpelling desactivado
<IfModule mod_speling.c>
CheckSpelling Off
</IfModule>
#FIN CheckSpelling

#INICIO CompresionGZip activado
<ifModule mod_gzip.c>
mod_gzip_on Yes
mod_gzip_dechunk Yes
mod_gzip_item_include file .(html?|txt|css|js|php|pl)$
mod_gzip_item_include file /
mod_gzip_item_include handler ^cgi-script$
mod_gzip_item_include mime ^text/.*
mod_gzip_item_include mime ^application/x-javascript.*
mod_gzip_item_exclude mime ^image/.*
mod_gzip_item_exclude rspheader ^Content-Encoding:.*gzip.*
</ifModule>
#FIN CompresionGZip 

#INICIO Paths /
# Document d'error (Comentar en localhost per veure els errors)
ErrorDocument 404 /Web/Error404.php

# Modul RewriteEngine per simular directoris en les propietats css
Options +FollowSymlinks
RewriteEngine on
# Base arrel del servidor
RewriteBase /
#FIN Paths

# Treu les extensions php
RewriteCond %{REQUEST_FILENAME} !-f
RewriteRule ^([^\.]+)$ $1.php [NC,L]

# [R] Redirect [(mostra/modifica la url redireccionada) External redirect]
# [NC] NoCase   Ignora majuscules i minuscules [Internal redirect]

# Treure les "www" de la URL
RewriteCond %{http_host} ^www\.devildrey33\.es [NC]
RewriteRule ^(/*)$ https://devildrey33.es/$1 [R=301,NC]

#URLS antigues  
RewriteRule ^PropiedadCSS/([^/]+)                           Doc/CSS/Propiedades/$1 [R]
RewriteRule ^PropiedadCSS/                                  Doc/CSS/Propiedades/ [R]
RewriteRule ^RefCSS/Propiedades/([^/]+)                     Doc/CSS/Propiedades/$1 [R]
RewriteRule ^RefCSS/Selectores/([^/]+)                      Doc/CSS/Selectores/$1 [R]
#URLS documentació
RewriteRule ^Doc/CSS/Propiedades/([^/]+)                    Documentacion/CSS/Propiedades/$1 [NC]
#RewriteRule ^Doc/CSS/Propiedades/                           Blog/PropiedadesCSS.php [NC]
RewriteRule ^Doc/CSS/Propiedades                            Blog/PropiedadesCSS.php [NC]
RewriteRule ^Doc/CSS/Selectores/::([^/]+)                   Documentacion/CSS/Selectores/$1 [NC]
RewriteRule ^Doc/CSS/Selectores/:([^/]+)                    Documentacion/CSS/Selectores/$1 [NC]
RewriteRule ^Doc/CSS/Selectores/([^/]+)                     Documentacion/CSS/Selectores/$1 [NC]
#RewriteRule ^Doc/CSS/Selectores/                            Blog/SelectoresCSS.php [NC]
RewriteRule ^Doc/CSS/Selectores                             Blog/SelectoresCSS.php [NC]
#todas las reglas empiezan por @, y el sistema de archivos no acepta ese caracter (en windows por lo menos) [ NO FUNCIONA...]
RewriteRule ^Doc/CSS/Reglas/@keyframes                      Documentacion/CSS/Reglas/keyframes.php [NC]
RewriteRule ^Doc/CSS/Reglas/@font-face                      Documentacion/CSS/Reglas/font-face.php [NC]
RewriteRule ^Doc/CSS/Reglas/@page                           Documentacion/CSS/Reglas/page.php [NC]
RewriteRule ^Doc/CSS/Reglas/@media                          Documentacion/CSS/Reglas/media.php [NC]
RewriteRule ^Doc/CSS/Reglas/@namespace                      Documentacion/CSS/Reglas/namespace.php [NC]
RewriteRule ^Doc/CSS/Reglas/@supports                       Documentacion/CSS/Reglas/supports.php [NC]
RewriteRule ^Doc/CSS/Reglas/@charset                        Documentacion/CSS/Reglas/charset.php [NC]
RewriteRule ^Doc/CSS/Reglas/@document                       Documentacion/CSS/Reglas/document.php [NC]
RewriteRule ^Doc/CSS/Reglas/@import                         Documentacion/CSS/Reglas/import.php [NC]
#RewriteRule ^Doc/CSS/Reglas/                                Blog/reglas-css.php [NC]
RewriteRule ^Doc/CSS/Reglas                                 Blog/reglas-css.php [NC]

#RewriteRule ^Doc/CSS/Reglas/@([^/]+)                        Documentacion/CSS/Reglas/$1 [NC]        
#todas las funciones necesitan un rewrite por no saber hacer el regexp
#RewriteRule ^Doc/CSS/Funciones/([^/]+)                     Documentacion/CSS/Funciones/$1 [NC]
RewriteRule ^Doc/CSS/Funciones/hsl()                        Documentacion/CSS/Funciones/hsl.php [NC]
RewriteRule ^Doc/CSS/Funciones/hsla()                       Documentacion/CSS/Funciones/hsla.php [NC]
RewriteRule ^Doc/CSS/Funciones/rgb()                        Documentacion/CSS/Funciones/rgb.php [NC]
RewriteRule ^Doc/CSS/Funciones/rgba()                       Documentacion/CSS/Funciones/rgb.php [NC]
RewriteRule ^Doc/CSS/Funciones/attr()                       Documentacion/CSS/Funciones/attr.php [NC]
RewriteRule ^Doc/CSS/Funciones/linear-gradient()            Documentacion/CSS/Funciones/linear-gradient.php [NC]
RewriteRule ^Doc/CSS/Funciones/repeating-linear-gradient()  Documentacion/CSS/Funciones/repeating-linear-gradient.php [NC]
RewriteRule ^Doc/CSS/Funciones/radial-gradient()            Documentacion/CSS/Funciones/radial-gradient.php [NC]
RewriteRule ^Doc/CSS/Funciones/repeating-radial-gradient()  Documentacion/CSS/Funciones/repeating-radial-gradient.php [NC]
RewriteRule ^Doc/CSS/Funciones/blur()                       Documentacion/CSS/Funciones/blur.php [NC]
RewriteRule ^Doc/CSS/Funciones/brightness()                 Documentacion/CSS/Funciones/brightness.php [NC]
RewriteRule ^Doc/CSS/Funciones/contrast()                   Documentacion/CSS/Funciones/contrast.php [NC]
RewriteRule ^Doc/CSS/Funciones/drop-shadow()                Documentacion/CSS/Funciones/drop-shadow.php [NC]
RewriteRule ^Doc/CSS/Funciones/grayscale()                  Documentacion/CSS/Funciones/grayscale.php [NC]
RewriteRule ^Doc/CSS/Funciones/hue-rotate()                 Documentacion/CSS/Funciones/hue-rotate.php [NC]
RewriteRule ^Doc/CSS/Funciones/invert()                     Documentacion/CSS/Funciones/invert.php [NC]
RewriteRule ^Doc/CSS/Funciones/opacity()                    Documentacion/CSS/Funciones/opacity.php [NC]
RewriteRule ^Doc/CSS/Funciones/saturate()                   Documentacion/CSS/Funciones/saturate.php [NC]
RewriteRule ^Doc/CSS/Funciones/sepia()                      Documentacion/CSS/Funciones/sepia.php [NC]
RewriteRule ^Doc/CSS/Funciones/rect()                       Documentacion/CSS/Funciones/rect.php [NC]
RewriteRule ^Doc/CSS/Funciones/cubic-bezier()               Documentacion/CSS/Funciones/cubic-bezier.php [NC]
RewriteRule ^Doc/CSS/Funciones/steps()                      Documentacion/CSS/Funciones/steps.php [NC]
RewriteRule ^Doc/CSS/Funciones/matrix()                     Documentacion/CSS/Funciones/matrix.php [NC]
RewriteRule ^Doc/CSS/Funciones/matrix3d()                   Documentacion/CSS/Funciones/matrix3d.php [NC]
RewriteRule ^Doc/CSS/Funciones/perspective()                Documentacion/CSS/Funciones/perspective.php [NC]
RewriteRule ^Doc/CSS/Funciones/rotate()                     Documentacion/CSS/Funciones/rotate.php [NC]
RewriteRule ^Doc/CSS/Funciones/rotatex()                    Documentacion/CSS/Funciones/rotatex.php [NC]
RewriteRule ^Doc/CSS/Funciones/rotatey()                    Documentacion/CSS/Funciones/rotatey.php [NC]
RewriteRule ^Doc/CSS/Funciones/rotatez()                    Documentacion/CSS/Funciones/rotatez.php [NC]
RewriteRule ^Doc/CSS/Funciones/rotate3d()                   Documentacion/CSS/Funciones/rotate3d.php [NC]
RewriteRule ^Doc/CSS/Funciones/scale()                      Documentacion/CSS/Funciones/scale.php [NC]
RewriteRule ^Doc/CSS/Funciones/scalex()                     Documentacion/CSS/Funciones/scalex.php [NC]
RewriteRule ^Doc/CSS/Funciones/scaley()                     Documentacion/CSS/Funciones/scaley.php [NC]
RewriteRule ^Doc/CSS/Funciones/scalez()                     Documentacion/CSS/Funciones/scalez.php [NC]
RewriteRule ^Doc/CSS/Funciones/skew()                       Documentacion/CSS/Funciones/skew.php [NC]
RewriteRule ^Doc/CSS/Funciones/skewx()                      Documentacion/CSS/Funciones/skewx.php [NC]
RewriteRule ^Doc/CSS/Funciones/skewy()                      Documentacion/CSS/Funciones/skewy.php [NC]
RewriteRule ^Doc/CSS/Funciones/translate()                  Documentacion/CSS/Funciones/translate.php [NC]
RewriteRule ^Doc/CSS/Funciones/translatex()                 Documentacion/CSS/Funciones/translatex.php [NC]
RewriteRule ^Doc/CSS/Funciones/translatey()                 Documentacion/CSS/Funciones/translatey.php [NC]
RewriteRule ^Doc/CSS/Funciones/translatez()                 Documentacion/CSS/Funciones/translatez.php [NC]
RewriteRule ^Doc/CSS/Funciones/translate3d()                Documentacion/CSS/Funciones/translate3d.php [NC]
RewriteRule ^Doc/CSS/Funciones/calc()                       Documentacion/CSS/Funciones/calc.php [NC]
RewriteRule ^Doc/CSS/Funciones/url()                        Documentacion/CSS/Funciones/url.php [NC]
RewriteRule ^Doc/CSS/Funciones/var()                        Documentacion/CSS/Funciones/var.php [NC]

RewriteRule ^Doc/CSS/Funciones/inset()                      Documentacion/CSS/Funciones/inset.php [NC]
RewriteRule ^Doc/CSS/Funciones/circle()                     Documentacion/CSS/Funciones/circle.php [NC]
RewriteRule ^Doc/CSS/Funciones/ellipse()                    Documentacion/CSS/Funciones/ellipse.php [NC]
RewriteRule ^Doc/CSS/Funciones/polygon()                    Documentacion/CSS/Funciones/polygon.php [NC]


#RewriteRule ^Doc/CSS/Funciones/                             Blog/funciones-css.php [NC]
RewriteRule ^Doc/CSS/Funciones                              Blog/funciones-css.php [NC]


RewriteRule ^Doc/CSS/Colores                                Blog/ColoresCSS.php [NC]
RewriteRule ^Doc/CSS/Degradados                             Blog/DegradadosCSS.php [NC]
RewriteRule ^Doc/CSS/Unidades                               Blog/UnidadesCSS.php [NC]
RewriteRule ^Doc/CSS/Variables                              Blog/variables-css.php [NC]
#RewriteRule ^Doc/CSS/Selectores/([^/]+) 	Web/Doc_ParseadorUrl.php?Selector=$1 [NC]
#RewriteRule ^Doc/CSS/Funciones/([^/]+) 		Web/Doc_ParseadorUrl.php?Funcion=$1 [NC]


#Rewrite para los ejemplos
RewriteRule ^Ejemplos/PropiedadesCSS                        Ejemplos/CSS/Propiedades/$1 [R]
RewriteRule ^Ejemplos/FuncionesCSS                          Ejemplos/CSS/Funciones/$1 [R]
RewriteRule ^Ejemplos/SelectoresCSS                         Ejemplos/CSS/Selectores/$1 [R]
RewriteRule ^Ejemplos/ReglasCSS                             Ejemplos/CSS/Reglas/$1 [R]
RewriteRule ^Ejemplos/VariablesCSS                          Ejemplos/CSS/Variables/$1 [R]
RewriteRule ^Ejemplos/DegradadosCSS                         Ejemplos/CSS/Degradados/$1 [R]


#RewriteRule ^Doc/CSS/Reglas/([^/]+) 		Web/Doc_ParseadorUrl.php?Regla=$1 [NC]

#RewriteRule ^Doc/CSS 				Web/Doc_ParseadorUrl.php?RaizCSS=true [NC]
#RewriteRule ^Doc                                Web/Doc_ParseadorUrl.php [NC]
#URLS Varis
RewriteRule ^Categorias/([^/]+) 		index.php?Categoria=$1 [NC]
RewriteRule ^Graficos/([^/]+) 			Web/Graficos/$1 [NC]
RewriteRule ^Descargas/([^/]+) 			Web/devildrey33_Descargar.php?Nombre=$1 [NC]
RewriteRule ^Lab/([^/]+)                        Web/Lab.php?Archivo=$1 [NC]
RewriteRule ^cmd/([^/]+)                        Web/cmd.php?cmd=$1 [NC]
#RewriteRule ^Cors/([^/]+)                       Web/Cors.php?Path=$1 [NC]

#Redirigir TOT a un php (no puc fer-ho servir)
#RewriteRule ^(.*)$ url.php?URL=$1 [L,QSA]

#INICIO Mantenimiento desactivado
#FIN Mantenimiento


#Fix per loops infinits
RewriteCond %{ENV:REDIRECT_STATUS} 200
RewriteRule .* - [L]

# Anti hotlink (en localhost s'ha de comentar) DEPRECATED
#RewriteEngine On
#RewriteCond %{HTTP_REFERER} !^$
#RewriteCond %{HTTP_REFERER} !^https://(www\.)?devildrey33\.es/ [NC]
#RewriteCond %{REQUEST_URI} !Hotlink\.(gif|png) [NC]
#RewriteRule .*\.(gif|jpg|png)$ https://devildrey33.es/Graficos/Hotlink.png [NC]



Redirect 301 /muieblackcat                                                  /cmd/BanearIP.php
Redirect 301 /admin                                                         /cmd/BanearIP.php
Redirect 301 /admin/pma                                                     /cmd/BanearIP.php
Redirect 301 /db                                                            /cmd/BanearIP.php
Redirect 301 /dbadmin                                                       /cmd/BanearIP.php
Redirect 301 /myadmin                                                       /cmd/BanearIP.php
Redirect 301 /mysql                                                         /cmd/BanearIP.php
Redirect 301 /mysqladmin                                                    /cmd/BanearIP.php
Redirect 301 /typo3/phpmyadmin                                              /cmd/BanearIP.php
Redirect 301 /phpadmin                                                      /cmd/BanearIP.php
Redirect 301 /phpMyAdmin                                                    /cmd/BanearIP.php
Redirect 301 /phpmyadmin                                                    /cmd/BanearIP.php
Redirect 301 /phpmyadmin1                                                   /cmd/BanearIP.php
Redirect 301 /phpmyadmin2                                                   /cmd/BanearIP.php
Redirect 301 /pma                                                           /cmd/BanearIP.php
Redirect 301 /web/phpMyAdmin                                                /cmd/BanearIP.php
Redirect 301 /xampp/phpmyadmin                                              /cmd/BanearIP.php
Redirect 301 /websql                                                        /cmd/BanearIP.php
Redirect 301 /phpmyadmin                                                    /cmd/BanearIP.php
Redirect 301 /phpMyAdmin                                                    /cmd/BanearIP.php
Redirect 301 /phpMyAdmin-2                                                  /cmd/BanearIP.php
Redirect 301 /php-my-admin                                                  /cmd/BanearIP.php
Redirect 301 /phpMyAdmin-2.2.3                                              /cmd/BanearIP.php
Redirect 301 /phpMyAdmin-2.2.6                                              /cmd/BanearIP.php
Redirect 301 /phpMyAdmin-2.5.1                                              /cmd/BanearIP.php
Redirect 301 /phpMyAdmin-2.5.4                                              /cmd/BanearIP.php
Redirect 301 /phpMyAdmin-2.5.5-rc1                                          /cmd/BanearIP.php
Redirect 301 /phpMyAdmin-2.5.5-rc2                                          /cmd/BanearIP.php
Redirect 301 /phpMyAdmin-2.5.5-pl1                                          /cmd/BanearIP.php
Redirect 301 /phpMyAdmin-2.5.6-rc1                                          /cmd/BanearIP.php
Redirect 301 /phpMyAdmin-2.5.6-rc2                                          /cmd/BanearIP.php
Redirect 301 /phpMyAdmin-2.5.6                                              /cmd/BanearIP.php
Redirect 301 /phpMyAdmin-2.5.7                                              /cmd/BanearIP.php
Redirect 301 /phpMyAdmin-2.5.7-pl1                                          /cmd/BanearIP.php
Redirect 301 /wp-login.php                                                  /cmd/BanearIP.php
Redirect 301 /xmlrpc.php                                                    /cmd/BanearIP.php
Redirect 301 /blog/wp-login.php                                             /cmd/BanearIP.php
Redirect 301 /wordpress/wp-login.php                                        /cmd/BanearIP.php
Redirect 301 /wp/wp-login.php                                               /cmd/BanearIP.php
Redirect 301 /wpfoot1.php                                                   /cmd/BanearIP.php
Redirect 301 /uploadify/uploadify.php                                       /cmd/BanearIP.php
Redirect 301 /wp-content                                                    /cmd/BanearIP.php
Redirect 301 /wp-admin                                                      /cmd/BanearIP.php
Redirect 301 /sites/all/libraries/elfinder/php/connector.minimal.php        /cmd/BanearIP.php
Redirect 301 /sites/all/libraries/elfinder/files/wpfoot6.php                /cmd/BanearIP.php
Redirect 301 /scripts/fckeditor/editor/                                     /cmd/BanearIP.php
Redirect 301 /images/stories/3xp.php                                        /cmd/BanearIP.php
Redirect 301 /wp-admin/admin-ajax.php                                       /cmd/BanearIP.php
Redirect 301 /wp-content/plugins/revslider/temp/update_extract/7951425.php  /cmd/BanearIP.php
Redirect 301 /administrator/index.php                                       /cmd/BanearIP.php
Redirect 301 /wp/                                                           /cmd/BanearIP.php
Redirect 301 /wordpress/                                                    /cmd/BanearIP.php
Redirect 301 /joomla/administrator/index.php                                /cmd/BanearIP.php
Redirect 301 /bitrix/admin/                                                 /cmd/BanearIP.php

#INICIO redirecciones Blog
Redirect 301 /AnimacionesCSS3.php									/Blog/AnimacionesCSS3
Redirect 301 /AnimacionesCSS3										/Blog/AnimacionesCSS3
Redirect 301 /Antivirus_Fotos0506.php                                                                   /Blog/Antivirus_Fotos0506
Redirect 301 /Antivirus_Fotos0506									/Blog/Antivirus_Fotos0506
Redirect 301 /BubaTronik.php										/Blog/BubaTronik
Redirect 301 /BubaTronik										/Blog/BubaTronik
Redirect 301 /BubaTronik_Formatos.php                                           			/Blog/BubaTronik_Formatos
Redirect 301 /BubaTronik_Formatos									/Blog/BubaTronik_Formatos
Redirect 301 /BubaTronik_Notas.php									/Blog/BubaTronik_Notas
Redirect 301 /BubaTronik_Notas										/Blog/BubaTronik_Notas
Redirect 301 /Canvas2D_1.php										/Blog/Canvas2D_1
Redirect 301 /Canvas2D_1										/Blog/Canvas2D_1
Redirect 301 /Canvas2D_2.php										/Blog/Canvas2D_2
Redirect 301 /Canvas2D_2										/Blog/Canvas2D_2
Redirect 301 /Canvas2D_3.php										/Blog/Canvas2D_3
Redirect 301 /Canvas2D_3										/Blog/Canvas2D_3
Redirect 301 /Canvas2D_4.php										/Blog/Canvas2D_4
Redirect 301 /Canvas2D_4										/Blog/Canvas2D_4
Redirect 301 /Captcha1.php										/Blog/Captcha1
Redirect 301 /Captcha1											/Blog/Captcha1
Redirect 301 /Captcha2.php										/Blog/Captcha2
Redirect 301 /Captcha2											/Blog/Captcha2
Redirect 301 /Captcha3.php										/Blog/Captcha3
Redirect 301 /Captcha3											/Blog/Captcha3
Redirect 301 /ColorearCodigoPHP_CPP.php                                                 		/Blog/ColorearCodigoPHP_CPP
Redirect 301 /ColorearCodigoPHP_CPP									/Blog/ColorearCodigoPHP_CPP
Redirect 301 /ColorearCodigoPHP_CSS.php                                                                 /Blog/ColorearCodigoPHP_CSS
Redirect 301 /ColorearCodigoPHP_CSS									/Blog/ColorearCodigoPHP_CSS
Redirect 301 /ColorearCodigoPHP_HTML.php                                        			/Blog/ColorearCodigoPHP_HTML
Redirect 301 /ColorearCodigoPHP_HTML                                                    		/Blog/ColorearCodigoPHP_HTML
Redirect 301 /ColorearCodigoPHP_JavaScript.php                                                  	/Blog/ColorearCodigoPHP_JavaScript
Redirect 301 /ColorearCodigoPHP_JavaScript                                                      	/Blog/ColorearCodigoPHP_JavaScript
Redirect 301 /ColorearCodigoPHP_PHP.php                                                         	/Blog/ColorearCodigoPHP_PHP
Redirect 301 /ColorearCodigoPHP_PHP									/Blog/ColorearCodigoPHP_PHP
Redirect 301 /ColorearCodigoPHP_XML.php                                                         	/Blog/ColorearCodigoPHP_XML
Redirect 301 /ColorearCodigoPHP_XML									/Blog/ColorearCodigoPHP_XML
Redirect 301 /ColorearCodigoPHP_devildrey33_PintarCodigo.php                                    	/Blog/ColorearCodigoPHP_devildrey33_PintarCodigo
Redirect 301 /ColorearCodigoPHP_devildrey33_PintarCodigo                                        	/Blog/ColorearCodigoPHP_devildrey33_PintarCodigo
Redirect 301 /ColoresCSS.php										/Blog/ColoresCSS
Redirect 301 /ColoresCSS										/Blog/ColoresCSS
Redirect 301 /ComboBoxWeb.php										/Blog/ComboBoxWeb
Redirect 301 /ComboBoxWeb										/Blog/ComboBoxWeb
Redirect 301 /ComboBoxWeb2.php										/Blog/ComboBoxWeb2
Redirect 301 /ComboBoxWeb2										/Blog/ComboBoxWeb2
Redirect 301 /ComparativaNavegadoresEnero2011.php                                                       /Blog/ComparativaNavegadoresEnero2011
Redirect 301 /ComparativaNavegadoresEnero2011                                                           /Blog/ComparativaNavegadoresEnero2011
Redirect 301 /ContentEditable.php									/Blog/ContentEditable
Redirect 301 /ContentEditable										/Blog/ContentEditable
Redirect 301 /Conversor_UTF8_Windows1252.php                                                            /Blog/Conversor_UTF8_Windows1252
Redirect 301 /Conversor_UTF8_Windows1252                                                            	/Blog/Conversor_UTF8_Windows1252
Redirect 301 /DWL.php											/Blog/DWL
Redirect 301 /DWL											/Blog/DWL
Redirect 301 /DWL2012.08.02.2012.php                                                                    /Blog/DWL2012-08-02-2012
Redirect 301 /DWL2012.08.02.2012									/Blog/DWL2012-08-02-2012
Redirect 301 /DWL2012.15.02.2012.php                                    				/Blog/DWL2012-15-02-2012
Redirect 301 /DWL2012.15.02.2012									/Blog/DWL2012-15-02-2012
Redirect 301 /DegradadosCSS.php										/Blog/DegradadosCSS
Redirect 301 /DegradadosCSS                                                     			/Blog/DegradadosCSS
Redirect 301 /FeedsRSS.php										/Blog/FeedsRSS
Redirect 301 /FeedsRSS											/Blog/FeedsRSS
Redirect 301 /FlexBoxResponsive.php									/Blog/FlexBoxResponsive
Redirect 301 /FlexBoxResponsive										/Blog/FlexBoxResponsive
Redirect 301 /GenerarLibDesdeDll.php                                                    		/Blog/GenerarLibDesdeDll
Redirect 301 /GenerarLibDesdeDll									/Blog/GenerarLibDesdeDll
Redirect 301 /InstalarUbuntuVirtualBox.php                                                      	/Blog/InstalarUbuntuVirtualBox
Redirect 301 /InstalarUbuntuVirtualBox                                                                  /Blog/InstalarUbuntuVirtualBox
Redirect 301 /InyeccionSQL.php										/Blog/InyeccionSQL
Redirect 301 /InyeccionSQL										/Blog/InyeccionSQL
Redirect 301 /LMD.php											/Blog/LMD
Redirect 301 /LMD											/Blog/LMD
Redirect 301 /MenuWebFijo.php										/Blog/MenuWebFijo
Redirect 301 /MenuWebFijo										/Blog/MenuWebFijo
Redirect 301 /NetBeansWindows.php									/Blog/NetBeansWindows
Redirect 301 /NetBeansWindows										/Blog/NetBeansWindows
Redirect 301 /PHPyXML.php										/Blog/PHPyXML
Redirect 301 /PHPyXML											/Blog/PHPyXML
Redirect 301 /PropiedadesCSS.php									/Blog/PropiedadesCSS
Redirect 301 /PropiedadesCSS										/Blog/PropiedadesCSS
Redirect 301 /ReferenciaCSS.php										/Blog/ReferenciaCSS
Redirect 301 /ReferenciaCSS										/Blog/ReferenciaCSS
Redirect 301 /RetoquesWeb.php										/Blog/RetoquesWeb
Redirect 301 /RetoquesWeb										/Blog/RetoquesWeb
Redirect 301 /SeguridadServidorWeb.php                                                          	/Blog/SeguridadServidorWeb
Redirect 301 /SeguridadServidorWeb									/Blog/SeguridadServidorWeb
Redirect 301 /SelectoresCSS.php										/Blog/SelectoresCSS
Redirect 301 /SelectoresCSS										/Blog/SelectoresCSS
Redirect 301 /Tablas.php										/Blog/Tablas
Redirect 301 /Tablas											/Blog/Tablas
Redirect 301 /Tutorial_HTML5_1.php									/Blog/Tutorial_HTML5_1
Redirect 301 /Tutorial_HTML5_1										/Blog/Tutorial_HTML5_1
Redirect 301 /Tutorial_HTML5_2.php									/Blog/Tutorial_HTML5_2
Redirect 301 /Tutorial_HTML5_2										/Blog/Tutorial_HTML5_2
Redirect 301 /Tutorial_HTML5_3.php									/Blog/Tutorial_HTML5_3
Redirect 301 /Tutorial_HTML5_3										/Blog/Tutorial_HTML5_3
Redirect 301 /Tutorial_HTML5_4.php									/Blog/Tutorial_HTML5_4
Redirect 301 /Tutorial_HTML5_4										/Blog/Tutorial_HTML5_4
Redirect 301 /Tutorial_HTML5_5.php									/Blog/Tutorial_HTML5_5
Redirect 301 /Tutorial_HTML5_5										/Blog/Tutorial_HTML5_5
Redirect 301 /Tutorial_HTML5_6.php									/Blog/Tutorial_HTML5_6
Redirect 301 /Tutorial_HTML5_6										/Blog/Tutorial_HTML5_6
Redirect 301 /Tutorial_HTML5_6_Fondo.jpg                                                                /Blog/Tutorial_HTML5_6_Fondo
Redirect 301 /Tutorial_HTML5_6_Fondo                                                            	/Blog/Tutorial_HTML5_6_Fondo
Redirect 301 /Tutorial_HTML5_7.php									/Blog/Tutorial_HTML5_7
Redirect 301 /Tutorial_HTML5_7										/Blog/Tutorial_HTML5_7
Redirect 301 /Tutorial_HTML5_7_Ejemplo_Boton3.png                                       		/Blog/Tutorial_HTML5_7_Ejemplo_Boton3
Redirect 301 /Tutorial_HTML5_7_Ejemplo_Boton3                                                           /Blog/Tutorial_HTML5_7_Ejemplo_Boton3
Redirect 301 /Tutorial_HTML5_7_Ejemplo_Garabatos.png                                            	/Blog/Tutorial_HTML5_7_Ejemplo_Garabatos
Redirect 301 /Tutorial_HTML5_7_Ejemplo_Garabatos                                                        /Blog/Tutorial_HTML5_7_Ejemplo_Garabatos
Redirect 301 /Tutorial_HTML5_8.php									/Blog/Tutorial_HTML5_8
Redirect 301 /Tutorial_HTML5_8										/Blog/Tutorial_HTML5_8
Redirect 301 /Tutorial_HTML5_9.php									/Blog/Tutorial_HTML5_9
Redirect 301 /Tutorial_HTML5_9										/Blog/Tutorial_HTML5_9
Redirect 301 /Tutorial_WINAPI_1_0.php                                           			/Blog/Tutorial_WINAPI_1_0
Redirect 301 /Tutorial_WINAPI_1_0									/Blog/Tutorial_WINAPI_1_0
Redirect 301 /Tutorial_WINAPI_1_1.php                                                   		/Blog/Tutorial_WINAPI_1_1
Redirect 301 /Tutorial_WINAPI_1_1									/Blog/Tutorial_WINAPI_1_1
Redirect 301 /Tutorial_WINAPI_1_2.php                                                           	/Blog/Tutorial_WINAPI_1_2
Redirect 301 /Tutorial_WINAPI_1_2									/Blog/Tutorial_WINAPI_1_2
Redirect 301 /Tutorial_WINAPI_1_3.php                                                                   /Blog/Tutorial_WINAPI_1_3
Redirect 301 /Tutorial_WINAPI_1_3									/Blog/Tutorial_WINAPI_1_3
Redirect 301 /Tutorial_WINAPI_1_4.php                                                           	/Blog/Tutorial_WINAPI_1_4
Redirect 301 /Tutorial_WINAPI_1_4									/Blog/Tutorial_WINAPI_1_4
Redirect 301 /Tutorial_WINAPI_1_5.php                                                           	/Blog/Tutorial_WINAPI_1_5
Redirect 301 /Tutorial_WINAPI_1_5									/Blog/Tutorial_WINAPI_1_5
Redirect 301 /Tutorial_WINAPI_1_6.php                                                           	/Blog/Tutorial_WINAPI_1_6
Redirect 301 /Tutorial_WINAPI_1_6									/Blog/Tutorial_WINAPI_1_6
Redirect 301 /Tutorial_WINAPI_1_7.php                                                           	/Blog/Tutorial_WINAPI_1_7
Redirect 301 /Tutorial_WINAPI_1_7									/Blog/Tutorial_WINAPI_1_7
Redirect 301 /Tutorial_WINAPI_2_0.php                                                           	/Blog/Tutorial_WINAPI_2_0
Redirect 301 /Tutorial_WINAPI_2_0									/Blog/Tutorial_WINAPI_2_0
Redirect 301 /Tutorial_WINAPI_2_1.php                                                           	/Blog/Tutorial_WINAPI_2_1
Redirect 301 /Tutorial_WINAPI_2_1                                                           		/Blog/Tutorial_WINAPI_2_1
Redirect 301 /Tutorial_WINAPI_2_2.php                                                           	/Blog/Tutorial_WINAPI_2_2
Redirect 301 /Tutorial_WINAPI_2_2									/Blog/Tutorial_WINAPI_2_2
Redirect 301 /Tutorial_WINAPI_2_3.php                                                           	/Blog/Tutorial_WINAPI_2_3
Redirect 301 /Tutorial_WINAPI_2_3									/Blog/Tutorial_WINAPI_2_3
Redirect 301 /Tutorial_WINAPI_2_4.php                                                           	/Blog/Tutorial_WINAPI_2_4
Redirect 301 /Tutorial_WINAPI_2_4									/Blog/Tutorial_WINAPI_2_4
Redirect 301 /Tutorial_WINAPI_2_5.php                                                           	/Blog/Tutorial_WINAPI_2_5
Redirect 301 /Tutorial_WINAPI_2_5									/Blog/Tutorial_WINAPI_2_5
Redirect 301 /Tutorial_WINAPI_2_6.php                                                           	/Blog/Tutorial_WINAPI_2_6
Redirect 301 /Tutorial_WINAPI_2_6									/Blog/Tutorial_WINAPI_2_6
Redirect 301 /Tutorial_WINAPI_3_0.php                                                           	/Blog/Tutorial_WINAPI_3_0
Redirect 301 /Tutorial_WINAPI_3_0									/Blog/Tutorial_WINAPI_3_0
Redirect 301 /Tutorial_WINAPI_3_1.php                                                           	/Blog/Tutorial_WINAPI_3_1
Redirect 301 /Tutorial_WINAPI_3_1									/Blog/Tutorial_WINAPI_3_1
Redirect 301 /Tutorial_WINAPI_3_10.php                                                          	/Blog/Tutorial_WINAPI_3_10
Redirect 301 /Tutorial_WINAPI_3_10									/Blog/Tutorial_WINAPI_3_10
Redirect 301 /Tutorial_WINAPI_3_11.php                                                          	/Blog/Tutorial_WINAPI_3_11
Redirect 301 /Tutorial_WINAPI_3_11									/Blog/Tutorial_WINAPI_3_11
Redirect 301 /Tutorial_WINAPI_3_2.php                                                           	/Blog/Tutorial_WINAPI_3_2
Redirect 301 /Tutorial_WINAPI_3_2									/Blog/Tutorial_WINAPI_3_2
Redirect 301 /Tutorial_WINAPI_3_3.php                                                           	/Blog/Tutorial_WINAPI_3_3
Redirect 301 /Tutorial_WINAPI_3_3									/Blog/Tutorial_WINAPI_3_3
Redirect 301 /Tutorial_WINAPI_3_4.php                                                           	/Blog/Tutorial_WINAPI_3_4
Redirect 301 /Tutorial_WINAPI_3_4								 	/Blog/Tutorial_WINAPI_3_4
Redirect 301 /Tutorial_WINAPI_3_5.php                                                           	/Blog/Tutorial_WINAPI_3_5
Redirect 301 /Tutorial_WINAPI_3_5									/Blog/Tutorial_WINAPI_3_5
Redirect 301 /Tutorial_WINAPI_3_6.php                                                           	/Blog/Tutorial_WINAPI_3_6
Redirect 301 /Tutorial_WINAPI_3_6                                                           		/Blog/Tutorial_WINAPI_3_6
Redirect 301 /Tutorial_WINAPI_3_7.php                                                           	/Blog/Tutorial_WINAPI_3_7
Redirect 301 /Tutorial_WINAPI_3_7									/Blog/Tutorial_WINAPI_3_7
Redirect 301 /Tutorial_WINAPI_3_8.php                                                           	/Blog/Tutorial_WINAPI_3_8
Redirect 301 /Tutorial_WINAPI_3_8									/Blog/Tutorial_WINAPI_3_8
Redirect 301 /Tutorial_WINAPI_3_9.php                                                               	/Blog/Tutorial_WINAPI_3_9
Redirect 301 /Tutorial_WINAPI_3_9									/Blog/Tutorial_WINAPI_3_9
Redirect 301 /Tutorial_WINAPI_4.php									/Blog/Tutorial_WINAPI_4
Redirect 301 /Tutorial_WINAPI_4										/Blog/Tutorial_WINAPI_4
Redirect 301 /USB_Boot.php										/Blog/USB_Boot
Redirect 301 /USB_Boot											/Blog/USB_Boot
Redirect 301 /UnidadesCSS.php										/Blog/UnidadesCSS
Redirect 301 /UnidadesCSS										/Blog/UnidadesCSS
Redirect 301 /WebGL.php											/Blog/WebGL
Redirect 301 /WebGL											/Blog/WebGL
Redirect 301 /XamppUSB.php										/Blog/XamppUSB
Redirect 301 /XamppUSB											/Blog/XamppUSB
Redirect 301 /devildrey33_ListaDesplegable_2.0.php                                                      /Blog/devildrey33_ListaDesplegable_2-0
Redirect 301 /devildrey33_ListaDesplegable_2.0                                                          /Blog/devildrey33_ListaDesplegable_2-0
Redirect 301 /devildrey33_ListaDesplegable_2.0_BETA.php                                                 /Blog/devildrey33_ListaDesplegable_2-0_BETA
Redirect 301 /devildrey33_ListaDesplegable_2.0_BETA                                                     /Blog/devildrey33_ListaDesplegable_2-0_BETA
Redirect 301 /empezando-sqlte-c.php									/Blog/empezando-sqlte-c
Redirect 301 /empezando-sqlte-c										/Blog/empezando-sqlte-c
Redirect 301 /flex-box-y-media-queries.php                                                              /Blog/flex-box-y-media-queries
Redirect 301 /flex-box-y-media-queries                                                          	/Blog/flex-box-y-media-queries
Redirect 301 /tutorial-javascript-emepzando.php                                                         /Blog/tutorial-javascript-emepzando
Redirect 301 /tutorial-javascript-emepzando                                                         	/Blog/tutorial-javascript-emepzando
Redirect 301 /varios-ejemplos-de-menus.php                                                              /Blog/varios-ejemplos-de-menus
Redirect 301 /varios-ejemplos-de-menus                                                                  /Blog/varios-ejemplos-de-menus
Redirect 301 /varios-servidores-web-apache-de-pruebas.php                                               /Blog/varios-servidores-web-apache-de-pruebas
Redirect 301 /varios-servidores-web-apache-de-pruebas                                                   /Blog/varios-servidores-web-apache-de-pruebas
#FIN redirecciones Blog

